-7.609000000000000341e+01,3.110879429652922568e+01,-7.609000000000000341e+01,4.406730339997866253e+01,3.110879429652922568e+01,-7.609000000000000341e+01,4.406730339997866253e+01
-7.604919191919192656e+01,3.114030472504473934e+01,-7.604919191919192656e+01,4.406460950782884822e+01,3.114284596469046207e+01,-7.605214189063393349e+01,4.406839492133612168e+01
-7.600838383838383550e+01,3.118937629965005698e+01,-7.600838383838383550e+01,4.406035156845031509e+01,3.120765864047648463e+01,-7.603044264218056014e+01,4.408857235006140485e+01
-7.596757575757575864e+01,3.124154569717135743e+01,-7.596757575757575864e+01,4.405575756098382101e+01,3.129839497574357665e+01,-7.603685096004231525e+01,4.414454351333225901e+01
-7.592676767676768179e+01,3.129024015467406628e+01,-7.592676767676768179e+01,4.405145560047112951e+01,3.141546839606736796e+01,-7.607879325226882372e+01,4.424776115782678687e+01
-7.588595959595960494e+01,3.133471300103268220e+01,-7.588595959595960494e+01,4.404757601072627438e+01,3.156086912800844502e+01,-7.615927703197915832e+01,4.440543042044991040e+01
-7.584515151515151388e+01,3.137585453464276242e+01,-7.584515151515151388e+01,4.404407192086452483e+01,3.173241520189668208e+01,-7.627678025768470604e+01,4.462128612213476231e+01
-7.580434343434343702e+01,3.141446436777066609e+01,-7.580434343434343702e+01,4.404088020909652812e+01,3.192020140726127053e+01,-7.642376358044053575e+01,4.489580119492423904e+01
-7.576353535353536017e+01,3.145108149111111118e+01,-7.576353535353536017e+01,4.403795397513094656e+01,3.210689962125867680e+01,-7.658662870860905514e+01,4.522537841936618719e+01
-7.572272727272726911e+01,3.148608890662119109e+01,-7.572272727272726911e+01,4.403525948232415033e+01,3.227215525353065573e+01,-7.674610894082005075e+01,4.559708570036833208e+01
-7.568191919191919226e+01,3.151977601234701254e+01,-7.568191919191919226e+01,4.403277064069290248e+01,3.239672959146509612e+01,-7.687862997830328027e+01,4.598514449453525543e+01
-7.564111111111111541e+01,3.155236919408358176e+01,-7.564111111111111541e+01,4.403046506984608754e+01,3.247035052863334670e+01,-7.696521524040213080e+01,4.635320378214426285e+01
-7.560030303030303855e+01,3.158404289936368770e+01,-7.560030303030303855e+01,4.402832118965181962e+01,3.249528720546580018e+01,-7.699564749085783433e+01,4.665621399119786616e+01
-7.555949494949494749e+01,3.161492609644564311e+01,-7.555949494949494749e+01,4.402631727523919380e+01,3.249878056954803895e+01,-7.699884575665113573e+01,4.692211019606747868e+01
-7.551868686868687064e+01,3.164511952038659004e+01,-7.551868686868687064e+01,4.402443139231169766e+01,3.249970939041506313e+01,-7.699971373721517409e+01,4.718806476774056335e+01
-7.547787878787879379e+01,3.167472415017503096e+01,-7.547787878787879379e+01,4.402264270662445256e+01,3.249995018256190349e+01,-7.699995014140350236e+01,4.745411400705665272e+01
-7.543707070707070272e+01,3.170384917414530435e+01,-7.543707070707070272e+01,4.402093477978252167e+01,3.249999249351686359e+01,-7.699999435665841929e+01,4.772015063382040978e+01
-7.539626262626262587e+01,3.173258943422396428e+01,-7.539626262626262587e+01,4.401929871423246254e+01,3.249999920075359228e+01,-7.699999928477126332e+01,4.798616582301547595e+01
-7.535545454545454902e+01,3.176100785071711030e+01,-7.535545454545454902e+01,4.401773411725460505e+01,3.249999963458785146e+01,-7.699999920021136290e+01,4.825218645234375714e+01
-7.531464646464647217e+01,3.178914381945675416e+01,-7.531464646464647217e+01,4.401624453054019170e+01,3.250000001164458752e+01,-7.700000003695686246e+01,4.851821180213875806e+01
-7.527383838383838111e+01,3.181703101777359421e+01,-7.527383838383838111e+01,4.401482935814258468e+01,3.250000006313350553e+01,-7.700000017035102928e+01,4.878423531944532243e+01
-7.523303030303030425e+01,3.184470618664668962e+01,-7.523303030303030425e+01,4.401348072652710641e+01,3.249999999010315577e+01,-7.699999997252245976e+01,4.905025783785101368e+01
-7.519222222222222740e+01,3.187220975786870980e+01,-7.519222222222222740e+01,4.401218843926825741e+01,3.249999998549036206e+01,-7.699999995524166252e+01,4.931628090049335356e+01
-7.515141414141413634e+01,3.189958017710414140e+01,-7.515141414141413634e+01,4.401094556121462631e+01,3.250000000347182549e+01,-7.700000001640616176e+01,4.958230422418545658e+01
-7.511060606060605949e+01,3.192684519423671574e+01,-7.511060606060605949e+01,4.400974910000574170e+01,3.250000000212850892e+01,-7.700000002769431262e+01,4.984832739907718491e+01
-7.506979797979798263e+01,3.195402170476531722e+01,-7.506979797979798263e+01,4.400859777970661924e+01,3.250000000078560447e+01,-7.699999996365127686e+01,5.011435024832616847e+01
-7.502898989898990578e+01,3.198112257546630843e+01,-7.502898989898990578e+01,4.400749030063964540e+01,3.250000000329766436e+01,-7.699999993200330550e+01,5.038037323139911194e+01
-7.498818181818181472e+01,3.200816042324964883e+01,-7.498818181818181472e+01,4.400642653848349539e+01,3.249999999047704335e+01,-7.700000013367665019e+01,5.064639738010985326e+01
-7.494737373737373787e+01,3.203514743203595572e+01,-7.494737373737373787e+01,4.400541000144099968e+01,3.249999998765107279e+01,-7.699999975750516512e+01,5.091242068928812614e+01
-7.490656565656566102e+01,3.206209756121155863e+01,-7.490656565656566102e+01,4.400444725736529961e+01,3.250000004481096738e+01,-7.699999589024405111e+01,5.117843959639547080e+01
-7.486575757575758416e+01,3.208902890017499487e+01,-7.486575757575758416e+01,4.400354216481137826e+01,3.250000003351972566e+01,-7.699997176615572414e+01,5.144446355232327051e+01
-7.482494949494949310e+01,3.211595784104528661e+01,-7.482494949494949310e+01,4.400269143705303065e+01,3.249999980592968996e+01,-7.699985859391122744e+01,5.171050330996266098e+01
-7.478414141414141625e+01,3.214289259564266388e+01,-7.478414141414141625e+01,4.400188833340611438e+01,3.249999993695247014e+01,-7.699925899047505595e+01,5.197651608418135538e+01
-7.474333333333333940e+01,3.216983434684180310e+01,-7.474333333333333940e+01,4.400112841648713413e+01,3.250000070323424239e+01,-7.699714908876104857e+01,5.224246615593439458e+01
-7.470252525252524833e+01,3.219678060161994182e+01,-7.470252525252524833e+01,4.400041154848177882e+01,3.249999908921031277e+01,-7.699002175967743256e+01,5.250848321340237135e+01
-7.466171717171717148e+01,3.222382577039676477e+01,-7.466171717171717148e+01,4.399973372807939143e+01,3.249998872405414119e+01,-7.697196955511093108e+01,5.277419187316962024e+01
-7.462090909090909463e+01,3.225107696015335534e+01,-7.462090909090909463e+01,4.399909571898025007e+01,3.249995470549349363e+01,-7.693129923366478806e+01,5.303718316109836906e+01
-7.458010101010101778e+01,3.227849418870872000e+01,-7.458010101010101778e+01,4.399851172789278309e+01,3.249976415355391168e+01,-7.685825840376760709e+01,5.329373114229223063e+01
-7.453929292929292671e+01,3.230602729256492012e+01,-7.453929292929292671e+01,4.399799425583978518e+01,3.249897817646108678e+01,-7.675165726729416349e+01,5.353786935406019154e+01
-7.449848484848484986e+01,3.233362671544009714e+01,-7.449848484848484986e+01,4.399755198565267023e+01,3.249672247761871802e+01,-7.661424080720554741e+01,5.376577481160194338e+01
-7.445767676767677301e+01,3.236124284353392255e+01,-7.445767676767677301e+01,4.399718807347115046e+01,3.249115742833313192e+01,-7.645512394239895571e+01,5.397989822479159727e+01
-7.441686868686868195e+01,3.238881769897592022e+01,-7.441686868686868195e+01,4.399690246549547368e+01,3.247997094603287138e+01,-7.628362138709620410e+01,5.418355252381133624e+01
-7.437606060606060510e+01,3.241628126813441213e+01,-7.437606060606060510e+01,4.399669796314096004e+01,3.245911617380615866e+01,-7.610487144449768948e+01,5.437950053278319018e+01
-7.433525252525252824e+01,3.244355581004200673e+01,-7.433525252525252824e+01,4.399658202160687637e+01,3.242399645943709885e+01,-7.592260829208396444e+01,5.457029318752613989e+01
-7.429444444444445139e+01,3.247056357748192568e+01,-7.429444444444445139e+01,4.399656258155002320e+01,3.237133711837654459e+01,-7.574000289650649620e+01,5.475715383799416713e+01
-7.425363636363636033e+01,3.249723397914920753e+01,-7.425363636363636033e+01,4.399664385553212753e+01,3.229971884297583529e+01,-7.555943734025883884e+01,5.493944330903156015e+01
-7.421282828282828348e+01,3.252350775367250435e+01,-7.421282828282828348e+01,4.399682614392452962e+01,3.220812030235801160e+01,-7.538310289281650967e+01,5.511644744833908760e+01
-7.417202020202020663e+01,3.254933951964717664e+01,-7.417202020202020663e+01,4.399710699867353725e+01,3.209859094514247602e+01,-7.521162919496524069e+01,5.528821570583931333e+01
-7.413121212121211556e+01,3.257470122725039374e+01,-7.413121212121211556e+01,4.399748180333006786e+01,3.197518959985535147e+01,-7.504462402795493858e+01,5.545529719838391713e+01
-7.409040404040403871e+01,3.259958618073438430e+01,-7.409040404040403871e+01,4.399794428757265052e+01,3.184192200300609343e+01,-7.488161821894546222e+01,5.561829160343844336e+01
-7.404959595959596186e+01,3.262401220084556286e+01,-7.404959595959596186e+01,4.399848723347308521e+01,3.170197098303764349e+01,-7.472158758291384117e+01,5.577819108947254279e+01
-7.400878787878788501e+01,3.264802411359301715e+01,-7.400878787878788501e+01,4.399910368417221918e+01,3.155806970829914349e+01,-7.456320466058282648e+01,5.593620229307074965e+01
-7.396797979797979394e+01,3.267169713610572046e+01,-7.396797979797979394e+01,4.399978786671137243e+01,3.141293895034407058e+01,-7.440513260652922156e+01,5.609351123244240256e+01
-7.392717171717171709e+01,3.269514114748061218e+01,-7.392717171717171709e+01,4.400053581073262166e+01,3.126918224270405844e+01,-7.424594015936366986e+01,5.625096270407157562e+01
-7.388636363636364024e+01,3.271848955610845167e+01,-7.388636363636364024e+01,4.400134699409331063e+01,3.112931284540930221e+01,-7.408412335722174191e+01,5.640913876305992858e+01
-7.384555555555554918e+01,3.274167605236312539e+01,-7.384555555555554918e+01,4.400222951928601134e+01,3.099586744495046275e+01,-7.391813523352091408e+01,5.656856841150973025e+01
-7.380474747474747232e+01,3.276465591225173313e+01,-7.380474747474747232e+01,4.400318568215757864e+01,3.087200555988747652e+01,-7.374543389695288909e+01,5.672866099287065822e+01
-7.376393939393939547e+01,3.278742913577428908e+01,-7.376393939393939547e+01,4.400421548270801253e+01,3.076152702058968913e+01,-7.356245460898809085e+01,5.688767476879515073e+01
-7.372313131313131862e+01,3.280999572293079325e+01,-7.372313131313131862e+01,4.400531892093730590e+01,3.066825272384974355e+01,-7.336567353127109925e+01,5.704328719073873799e+01
-7.368232323232322756e+01,3.283235567372124564e+01,-7.368232323232322756e+01,4.400649599684546587e+01,3.059591099711416007e+01,-7.315255833627935544e+01,5.718719816909342768e+01
-7.364151515151515071e+01,3.285450898814563914e+01,-7.364151515151515071e+01,4.400774671043249242e+01,3.054806345478013441e+01,-7.292124273701897152e+01,5.730740730014703388e+01
-7.360070707070707385e+01,3.287645566620397375e+01,-7.360070707070707385e+01,4.400907106169838556e+01,3.052168705081831845e+01,-7.267224274572701859e+01,5.739672798604460269e+01
-7.355989898989898279e+01,3.289819570789626368e+01,-7.355989898989898279e+01,4.401046905064313819e+01,3.050374569572537453e+01,-7.240984787051800708e+01,5.745557543098092168e+01
-7.351909090909090594e+01,3.291972911322249473e+01,-7.351909090909090594e+01,4.401194067726675740e+01,3.049446776507610224e+01,-7.214308520376569334e+01,5.748547206096970541e+01
-7.347828282828282909e+01,3.294105588218267400e+01,-7.347828282828282909e+01,4.401348594156924321e+01,3.051567994571453113e+01,-7.188772273398382140e+01,5.748862589190289185e+01
-7.343747474747475223e+01,3.296217601477679437e+01,-7.343747474747475223e+01,4.401510484355059560e+01,3.059102774173997474e+01,-7.166009610787315864e+01,5.746730267394089964e+01
-7.339666666666666117e+01,3.298308951100486297e+01,-7.339666666666666117e+01,4.401679738321081459e+01,3.074415665725174307e+01,-7.147654097213435875e+01,5.742376815724409767e+01
-7.335585858585858432e+01,3.300379637086687268e+01,-7.335585858585858432e+01,4.401856356054989305e+01,3.099871219634915676e+01,-7.135339297346817489e+01,5.736028809197286193e+01
-7.331505050505050747e+01,3.302429659436283060e+01,-7.331505050505050747e+01,4.402040337556783811e+01,3.137833986313152224e+01,-7.130698775857530336e+01,5.727912822828761819e+01
-7.327424242424243062e+01,3.304459018149273675e+01,-7.327424242424243062e+01,4.402231682826464265e+01,3.156004836603699459e+01,-7.129575757575757677e+01,5.723883051461815796e+01
-7.323343434343433955e+01,3.306467713225659111e+01,-7.323343434343433955e+01,4.402430391864032089e+01,3.156859530104381051e+01,-7.126923232323231616e+01,5.722887607755068018e+01
-7.319262626262626270e+01,3.308455744665437948e+01,-7.319262626262626270e+01,4.402636464669485861e+01,3.157710440520868289e+01,-7.124270707070706976e+01,5.721905911771862208e+01
-7.315181818181818585e+01,3.310423112468612317e+01,-7.315181818181818585e+01,4.402849901242826292e+01,3.158557567853162595e+01,-7.121618181818182336e+01,5.720937963512196944e+01
-7.311101010101009479e+01,3.312369816635181508e+01,-7.311101010101009479e+01,4.403070701584053381e+01,3.159400912101263970e+01,-7.118965656565656275e+01,5.719983762976073649e+01
-7.307020202020201793e+01,3.314295857165144099e+01,-7.307020202020201793e+01,4.403298865693167130e+01,3.160240473265171346e+01,-7.116313131313131635e+01,5.719043310163493032e+01
-7.302939393939394108e+01,3.316201234058501512e+01,-7.302939393939394108e+01,4.403534393570166827e+01,3.161076251344885080e+01,-7.113660606060606995e+01,5.718116605074453673e+01
-7.298858585858585002e+01,3.318085947315254458e+01,-7.298858585858585002e+01,4.403777285215053183e+01,3.161908246340405881e+01,-7.111008080808080933e+01,5.717203647708955572e+01
-7.294777777777777317e+01,3.319949996935401515e+01,-7.294777777777777317e+01,4.404027540627826198e+01,3.162736458251733040e+01,-7.108355555555554872e+01,5.716304438066998728e+01
-7.290696969696969632e+01,3.321793382918942683e+01,-7.290696969696969632e+01,4.404285159808485872e+01,3.163560887078867268e+01,-7.105703030303030232e+01,5.715418976148584562e+01
-7.286616161616161946e+01,3.323616105265877962e+01,-7.286616161616161946e+01,4.404550142757031495e+01,3.164381532821807141e+01,-7.103050505050505592e+01,5.714547261953711654e+01
-7.282535353535352840e+01,3.325418163976208774e+01,-7.282535353535352840e+01,4.404822489473463776e+01,3.165198395480554083e+01,-7.100397979797979531e+01,5.713689295482380004e+01
-7.278454545454545155e+01,3.327199559049933697e+01,-7.278454545454545155e+01,4.405102199957782716e+01,3.166011475055107738e+01,-7.097745454545454891e+01,5.712845076734590322e+01
-7.274373737373737470e+01,3.328960290487053442e+01,-7.274373737373737470e+01,4.405389274209988315e+01,3.166820771545468105e+01,-7.095092929292928829e+01,5.712014605710342607e+01
-7.270292929292929784e+01,3.330700358287567298e+01,-7.270292929292929784e+01,4.405683712230079863e+01,3.167626284951634830e+01,-7.092440404040404189e+01,5.711197882409636151e+01
-7.266212121212120678e+01,3.332419762451476686e+01,-7.266212121212120678e+01,4.405985514018058069e+01,3.168428015273608267e+01,-7.089787878787878128e+01,5.710394906832470951e+01
-7.262131313131312993e+01,3.334118502978779475e+01,-7.262131313131312993e+01,4.406294679573922934e+01,3.169225962511388062e+01,-7.087135353535353488e+01,5.709605678978848431e+01
-7.258050505050505308e+01,3.335796579869477085e+01,-7.258050505050505308e+01,4.406611208897674459e+01,3.170020126664974569e+01,-7.084482828282828848e+01,5.708830198848767168e+01
-7.253969696969696201e+01,3.337453993123570228e+01,-7.253969696969696201e+01,4.406935101989311931e+01,3.170810507734367789e+01,-7.081830303030302787e+01,5.708068466442227162e+01
-7.249888888888888516e+01,3.339090742741056772e+01,-7.249888888888888516e+01,4.407266358848836774e+01,3.171597105719567722e+01,-7.079177777777778147e+01,5.707320481759229125e+01
-7.245808080808080831e+01,3.340706828721938138e+01,-7.245808080808080831e+01,4.407604979476247564e+01,3.172379920620574012e+01,-7.076525252525252085e+01,5.706586244799773056e+01
-7.241727272727273146e+01,3.342302251066214325e+01,-7.241727272727273146e+01,4.407950963871544303e+01,3.173158952437387015e+01,-7.073872727272727445e+01,5.705865755563858244e+01
-7.237646464646464040e+01,3.343877009773885334e+01,-7.237646464646464040e+01,4.408304312034728412e+01,3.173934201170006730e+01,-7.071220202020201384e+01,5.705159014051484689e+01
-7.233565656565656354e+01,3.345431104844949743e+01,-7.233565656565656354e+01,4.408665023965798468e+01,3.174705666818432448e+01,-7.068567676767676744e+01,5.704466020262653814e+01
-7.229484848484848669e+01,3.346964536279409685e+01,-7.229484848484848669e+01,4.409033099664755184e+01,3.175473349382665234e+01,-7.065915151515152104e+01,5.703786774197363485e+01
-7.225404040404039563e+01,3.348477304077264449e+01,-7.225404040404039563e+01,4.409408539131598559e+01,3.176237248862705087e+01,-7.063262626262626043e+01,5.703121275855615124e+01
-7.221323232323231878e+01,3.349969408238512614e+01,-7.221323232323231878e+01,4.409791342366328593e+01,3.176997365258550587e+01,-7.060610101010101403e+01,5.702469525237409442e+01
-7.217242424242424192e+01,3.351440848763155600e+01,-7.217242424242424192e+01,4.410181509368944575e+01,3.177753698570203156e+01,-7.057957575757575341e+01,5.701831522342745018e+01
-7.213161616161616507e+01,3.352891625651193408e+01,-7.213161616161616507e+01,4.410579040139447216e+01,3.178506248797662082e+01,-7.055305050505050701e+01,5.701207267171621851e+01
-7.209080808080807401e+01,3.354321738902626748e+01,-7.209080808080807401e+01,4.410983934677836515e+01,3.179255015940928075e+01,-7.052652525252524640e+01,5.700596759724039941e+01
-7.204999999999999716e+01,3.355731188517453489e+01,-7.204999999999999716e+01,4.411396192984111764e+01,3.180000000000000071e+01,-7.050000000000000000e+01,5.700000000000000000e+01
