-7.609000000000000341e+01,-3.121807435601809999e+01,-7.609000000000000341e+01,4.410227493718522140e+01,-3.121807435601809999e+01,-7.609000000000000341e+01,4.410227493718522140e+01
-7.604919191919192656e+01,-3.123412090023995091e+01,-7.604919191919192656e+01,4.409986884236491989e+01,-3.122769996638014334e+01,-7.604948761873527019e+01,4.410284610958627383e+01
-7.600838383838383550e+01,-3.126075412565531764e+01,-7.600838383838383550e+01,4.409591699868138903e+01,-3.121902521590182644e+01,-7.601063744561361091e+01,4.412135647119039561e+01
-7.596757575757575864e+01,-3.129182654711792821e+01,-7.596757575757575864e+01,4.409138072025327659e+01,-3.117883529538336873e+01,-7.597559649109386726e+01,4.417992429307464164e+01
-7.592676767676768179e+01,-3.132384507553853581e+01,-7.592676767676768179e+01,4.408679522886941982e+01,-3.111110624004882297e+01,-7.594825593751221504e+01,4.429726383298596915e+01
-7.588595959595960494e+01,-3.135565684275843523e+01,-7.588595959595960494e+01,4.408232884793495288e+01,-3.102735633760243061e+01,-7.593492648868900119e+01,4.448479359490743690e+01
-7.584515151515151388e+01,-3.138705656308209058e+01,-7.584515151515151388e+01,4.407800971381001887e+01,-3.093812331410048699e+01,-7.594428947499586968e+01,4.474416671926979916e+01
-7.580434343434343702e+01,-3.141805398950332062e+01,-7.580434343434343702e+01,4.407383832392523715e+01,-3.084829354538656077e+01,-7.598650756488194702e+01,4.506595440486501047e+01
-7.576353535353536017e+01,-3.144869326219249572e+01,-7.576353535353536017e+01,4.406980960364418820e+01,-3.076530267334388569e+01,-7.606927531154896371e+01,4.543118956782389262e+01
-7.572272727272726911e+01,-3.147902792284689610e+01,-7.572272727272726911e+01,4.406591490556108681e+01,-3.070501239521535908e+01,-7.619410451861315892e+01,4.581339191394086185e+01
-7.568191919191919226e+01,-3.150910716001931888e+01,-7.568191919191919226e+01,4.406214480341760975e+01,-3.068030674260226576e+01,-7.635097872973889821e+01,4.618281177109813740e+01
-7.564111111111111541e+01,-3.153896716236528164e+01,-7.564111111111111541e+01,4.405849213923846719e+01,-3.069660246377768686e+01,-7.651576960224782908e+01,4.650900178338687851e+01
-7.560030303030303855e+01,-3.156863558226095989e+01,-7.560030303030303855e+01,4.405495298807139903e+01,-3.075376629288617636e+01,-7.665637493945862957e+01,4.675940517832589904e+01
-7.555949494949494749e+01,-3.159813801907987241e+01,-7.555949494949494749e+01,4.405152243731678396e+01,-3.082499777746701497e+01,-7.677010359646581605e+01,4.697730709800202220e+01
-7.551868686868687064e+01,-3.162749556583797528e+01,-7.551868686868687064e+01,4.404818887613616596e+01,-3.088948372696350475e+01,-7.686263088521518227e+01,4.720790914714922337e+01
-7.547787878787879379e+01,-3.165671979215884946e+01,-7.547787878787879379e+01,4.404493488994711470e+01,-3.094056976892816024e+01,-7.692968569997316308e+01,4.745031673695645225e+01
-7.543707070707070272e+01,-3.168581740554650139e+01,-7.543707070707070272e+01,4.404174773512934848e+01,-3.097301446639669820e+01,-7.696946125852791454e+01,4.770114703435105952e+01
-7.539626262626262587e+01,-3.171479899520163670e+01,-7.539626262626262587e+01,4.403862990394741672e+01,-3.099011094230159458e+01,-7.698849564185877625e+01,4.795644630090577465e+01
-7.535545454545454902e+01,-3.174367994466807374e+01,-7.535545454545454902e+01,4.403559709135905109e+01,-3.099898024245660721e+01,-7.699646771683241298e+01,4.821244377136526538e+01
-7.531464646464647217e+01,-3.177247761216229094e+01,-7.531464646464647217e+01,4.403266187696546297e+01,-3.100675834675852371e+01,-7.699902825634521264e+01,4.846831197917941836e+01
-7.527383838383838111e+01,-3.180120937913596890e+01,-7.527383838383838111e+01,4.402981980112579663e+01,-3.102064370199642696e+01,-7.699976539199404613e+01,4.872419362705053203e+01
-7.523303030303030425e+01,-3.182988885251731404e+01,-7.523303030303030425e+01,4.402705619878485521e+01,-3.104820585255860266e+01,-7.699995652014118264e+01,4.897882366717352198e+01
-7.519222222222222740e+01,-3.185852271352043630e+01,-7.519222222222222740e+01,4.402436359750996075e+01,-3.109565026913857011e+01,-7.699999455036322615e+01,4.923054337949507442e+01
-7.515141414141413634e+01,-3.188711475292495123e+01,-7.515141414141413634e+01,4.402174780475637306e+01,-3.116147495922142241e+01,-7.699999930698115236e+01,4.947828753034105631e+01
-7.511060606060605949e+01,-3.191567059141404172e+01,-7.511060606060605949e+01,4.401921988366697747e+01,-3.124048123250920739e+01,-7.699999910713614781e+01,4.972189770215049265e+01
-7.506979797979798263e+01,-3.194419291667123417e+01,-7.506979797979798263e+01,4.401678767394317759e+01,-3.132107298927585504e+01,-7.699999988024356412e+01,4.996495659542011936e+01
-7.502898989898990578e+01,-3.197267614967615401e+01,-7.502898989898990578e+01,4.401445381367067711e+01,-3.139058606721742350e+01,-7.700000033587770076e+01,5.021166725785305829e+01
-7.498818181818181472e+01,-3.200111164113636875e+01,-7.498818181818181472e+01,4.401221390282037760e+01,-3.144261581460330035e+01,-7.699999950325215536e+01,5.046254489686537426e+01
-7.494737373737373787e+01,-3.202949802132585688e+01,-7.494737373737373787e+01,4.401005713694034682e+01,-3.147431181900281416e+01,-7.699999424025583039e+01,5.071661961307308530e+01
-7.490656565656566102e+01,-3.205784220742000201e+01,-7.490656565656566102e+01,4.400797415233018484e+01,-3.149014204976383979e+01,-7.699996701057334292e+01,5.097242930402379812e+01
-7.486575757575758416e+01,-3.208614756477508934e+01,-7.486575757575758416e+01,4.400596498039432447e+01,-3.149695726785595085e+01,-7.699983948285910174e+01,5.122852175572933930e+01
-7.482494949494949310e+01,-3.211440576114121370e+01,-7.482494949494949310e+01,4.400403851113759401e+01,-3.149914127899891625e+01,-7.699922754767376887e+01,5.148454740965487275e+01
-7.478414141414141625e+01,-3.214260309865871790e+01,-7.478414141414141625e+01,4.400220348068169329e+01,-3.149979659343724947e+01,-7.699717717664236716e+01,5.174054966797076105e+01
-7.474333333333333940e+01,-3.217073193200957348e+01,-7.474333333333333940e+01,4.400046214739931827e+01,-3.149996179193597712e+01,-7.699050563997562335e+01,5.199663627517747244e+01
-7.470252525252524833e+01,-3.219879494580712986e+01,-7.470252525252524833e+01,4.399881274670084963e+01,-3.149999561683010185e+01,-7.697412038043813709e+01,5.225250482626118753e+01
-7.466171717171717148e+01,-3.222680989925510175e+01,-7.466171717171717148e+01,4.399725675096387079e+01,-3.149999840033822451e+01,-7.693775893135938304e+01,5.250606666743593820e+01
-7.462090909090909463e+01,-3.225479954214500111e+01,-7.462090909090909463e+01,4.399580193262806205e+01,-3.149999295857977444e+01,-7.687192032165857825e+01,5.275421558413945888e+01
-7.458010101010101778e+01,-3.228276998760181726e+01,-7.458010101010101778e+01,4.399445660119972956e+01,-3.149996360122808525e+01,-7.677493964722111741e+01,5.299178738318504855e+01
-7.453929292929292671e+01,-3.231071533062374357e+01,-7.453929292929292671e+01,4.399322609452686095e+01,-3.149985169696611464e+01,-7.664830019311966680e+01,5.321443521500209783e+01
-7.449848484848484986e+01,-3.233862533305447329e+01,-7.449848484848484986e+01,4.399210874523417658e+01,-3.149944729371302543e+01,-7.649938873759423075e+01,5.342358220500310040e+01
-7.445767676767677301e+01,-3.236649623116669972e+01,-7.445767676767677301e+01,4.399109778034512175e+01,-3.149845141941901261e+01,-7.633698880648528018e+01,5.362224640795625419e+01
-7.441686868686868195e+01,-3.239433083057893015e+01,-7.441686868686868195e+01,4.399018719749549433e+01,-3.149591761325216055e+01,-7.616649390810775344e+01,5.381330327552193182e+01
-7.437606060606060510e+01,-3.242212925656616562e+01,-7.437606060606060510e+01,4.398937487578501049e+01,-3.149042750024722181e+01,-7.599082672316434639e+01,5.399952427670116606e+01
-7.433525252525252824e+01,-3.244988414067306337e+01,-7.433525252525252824e+01,4.398866327479264271e+01,-3.148013402666460792e+01,-7.581257170575138105e+01,5.418326150177057343e+01
-7.429444444444445139e+01,-3.247758352667204917e+01,-7.429444444444445139e+01,4.398805765011767477e+01,-3.146150526190579555e+01,-7.563317576771008532e+01,5.436518602042166037e+01
-7.425363636363636033e+01,-3.250521483046917126e+01,-7.425363636363636033e+01,4.398756128803884025e+01,-3.143059478109283944e+01,-7.545379909677288310e+01,5.454554215856200727e+01
-7.421282828282828348e+01,-3.253276781423421937e+01,-7.421282828282828348e+01,4.398717088649550533e+01,-3.138462685959383336e+01,-7.527558630980851717e+01,5.472419589026052478e+01
-7.417202020202020663e+01,-3.256023747005239954e+01,-7.417202020202020663e+01,4.398687770815335796e+01,-3.132307912606616540e+01,-7.509965205303726066e+01,5.490028494139314574e+01
-7.413121212121211556e+01,-3.258762341688303366e+01,-7.413121212121211556e+01,4.398667243801257598e+01,-3.124575744785543918e+01,-7.492707587308048289e+01,5.507289393692957447e+01
-7.409040404040403871e+01,-3.261492575873056410e+01,-7.409040404040403871e+01,4.398654836941327773e+01,-3.115489831690710076e+01,-7.475786970261245301e+01,5.524210664161200413e+01
-7.404959595959596186e+01,-3.264214358747393163e+01,-7.404959595959596186e+01,4.398650274427510709e+01,-3.105569468269585798e+01,-7.459074689644718603e+01,5.540922211040201972e+01
-7.400878787878788501e+01,-3.266927778880867095e+01,-7.400878787878788501e+01,4.398653611071797798e+01,-3.095351896902537447e+01,-7.442434197151230535e+01,5.557561055004086370e+01
-7.396797979797979394e+01,-3.269633403787974402e+01,-7.396797979797979394e+01,4.398665065168679433e+01,-3.085376905043604623e+01,-7.425727807653342438e+01,5.574257720466701471e+01
-7.392717171717171709e+01,-3.272332331240281178e+01,-7.392717171717171709e+01,4.398685050564493082e+01,-3.076187144918294436e+01,-7.408816556402481979e+01,5.591135419558070652e+01
-7.388636363636364024e+01,-3.275025971340863151e+01,-7.388636363636364024e+01,4.398714388100923145e+01,-3.068314087732876416e+01,-7.391564615530897697e+01,5.608311976338697491e+01
-7.384555555555554918e+01,-3.277713883270750017e+01,-7.384555555555554918e+01,4.398753187274981968e+01,-3.062010625015221166e+01,-7.373914937528496694e+01,5.625782361226825401e+01
-7.380474747474747232e+01,-3.280395679012289634e+01,-7.380474747474747232e+01,4.398801303269283380e+01,-3.057240743796277016e+01,-7.355892175028313318e+01,5.643414137753320858e+01
-7.376393939393939547e+01,-3.283071358565484843e+01,-7.376393939393939547e+01,4.398858736083828092e+01,-3.053943795168365583e+01,-7.337518726775620337e+01,5.661057676461683741e+01
-7.372313131313131862e+01,-3.285740921930334224e+01,-7.372313131313131862e+01,4.398925485718615391e+01,-3.051933390301966398e+01,-7.318749365400032048e+01,5.678437077358618268e+01
-7.368232323232322756e+01,-3.288404369106838487e+01,-7.368232323232322756e+01,4.399001552173645990e+01,-3.050944276444464265e+01,-7.299496448612028132e+01,5.695197246517651024e+01
-7.364151515151515071e+01,-3.291061700094996922e+01,-7.364151515151515071e+01,4.399086935448919178e+01,-3.050630759453421703e+01,-7.279635149505210734e+01,5.711077620723791881e+01
-7.360070707070707385e+01,-3.293712914894810240e+01,-7.360070707070707385e+01,4.399181635544435665e+01,-3.050353835362654920e+01,-7.258905396911758601e+01,5.726172135066273938e+01
-7.355989898989898279e+01,-3.296358013506279150e+01,-7.355989898989898279e+01,4.399285652460194740e+01,-3.049505317669616744e+01,-7.237063661978906737e+01,5.740601250429095614e+01
-7.351909090909090594e+01,-3.298996995929400811e+01,-7.351909090909090594e+01,4.399398986196196404e+01,-3.049038111831433540e+01,-7.214623129598935236e+01,5.753607525875058570e+01
-7.347828282828282909e+01,-3.301629862164178064e+01,-7.347828282828282909e+01,4.399521636752441367e+01,-3.051151616062203686e+01,-7.192701201601154537e+01,5.763732537892125407e+01
-7.343747474747475223e+01,-3.304256612210609489e+01,-7.343747474747475223e+01,4.399653604128928919e+01,-3.058079988481132361e+01,-7.172432129109245125e+01,5.769498315251157550e+01
-7.339666666666666117e+01,-3.306877246068695797e+01,-7.339666666666666117e+01,4.399794888325659770e+01,-3.072057387207427226e+01,-7.154950163246896011e+01,5.769426886723014292e+01
-7.335585858585858432e+01,-3.309491763738436276e+01,-7.335585858585858432e+01,4.399945489342633209e+01,-3.095317970360293103e+01,-7.141389555137786260e+01,5.762040281078555637e+01
-7.331505050505050747e+01,-3.312100165219831638e+01,-7.331505050505050747e+01,4.400105407179849948e+01,-3.130095896058937655e+01,-7.132884555905604884e+01,5.745860527088641589e+01
-7.327424242424243062e+01,-3.314702450512881171e+01,-7.327424242424243062e+01,4.400274641837308565e+01,-3.146944434633333287e+01,-7.129575757575757677e+01,5.736545171450402592e+01
-7.323343434343433955e+01,-3.317298619617586297e+01,-7.323343434343433955e+01,4.400453193315011191e+01,-3.148007420083621355e+01,-7.126923232323231616e+01,5.735229412649453451e+01
-7.319262626262626270e+01,-3.319888672533945595e+01,-7.319262626262626270e+01,4.400641061612956406e+01,-3.149073085997950372e+01,-7.124270707070706976e+01,5.733920383946384192e+01
-7.315181818181818585e+01,-3.322472609261959064e+01,-7.315181818181818585e+01,4.400838246731144210e+01,-3.150141432376320694e+01,-7.121618181818182336e+01,5.732618085341196235e+01
-7.311101010101009479e+01,-3.325050429801627416e+01,-7.311101010101009479e+01,4.401044748669575313e+01,-3.151212459218733031e+01,-7.118965656565656275e+01,5.731322516833888869e+01
-7.307020202020201793e+01,-3.327622134152949940e+01,-7.307020202020201793e+01,4.401260567428249004e+01,-3.152286166525186317e+01,-7.116313131313131635e+01,5.730033678424462096e+01
-7.302939393939394108e+01,-3.330187722315927346e+01,-7.302939393939394108e+01,4.401485703007165995e+01,-3.153362554295681264e+01,-7.113660606060606995e+01,5.728751570112915914e+01
-7.298858585858585002e+01,-3.332747194290560344e+01,-7.298858585858585002e+01,4.401720155406325574e+01,-3.154441622530218226e+01,-7.111008080808080933e+01,5.727476191899249613e+01
-7.294777777777777317e+01,-3.335300550076846093e+01,-7.294777777777777317e+01,4.401963924625727742e+01,-3.155523371228795426e+01,-7.108355555555554872e+01,5.726207543783465326e+01
-7.290696969696969632e+01,-3.337847789674787435e+01,-7.290696969696969632e+01,4.402217010665373209e+01,-3.156607800391414997e+01,-7.105703030303030232e+01,5.724945625765560919e+01
-7.286616161616161946e+01,-3.340388913084382949e+01,-7.286616161616161946e+01,4.402479413525261975e+01,-3.157694910018075873e+01,-7.103050505050505592e+01,5.723690437845537105e+01
-7.282535353535352840e+01,-3.342923920305634056e+01,-7.282535353535352840e+01,4.402751133205392620e+01,-3.158784700108778054e+01,-7.100397979797979531e+01,5.722441980023393882e+01
-7.278454545454545155e+01,-3.345452811338538623e+01,-7.278454545454545155e+01,4.403032169705767274e+01,-3.159877170663521895e+01,-7.097745454545454891e+01,5.721200252299131961e+01
-7.274373737373737470e+01,-3.347975586183097363e+01,-7.274373737373737470e+01,4.403322523026383806e+01,-3.160972321682306685e+01,-7.095092929292928829e+01,5.719965254672750632e+01
-7.270292929292929784e+01,-3.350492244839311695e+01,-7.270292929292929784e+01,4.403622193167243637e+01,-3.162070153165133490e+01,-7.092440404040404189e+01,5.718736987144249184e+01
-7.266212121212120678e+01,-3.353002787307180910e+01,-7.266212121212120678e+01,4.403931180128346767e+01,-3.163170665112001956e+01,-7.089787878787878128e+01,5.717515449713628328e+01
-7.262131313131312993e+01,-3.355507213586703585e+01,-7.262131313131312993e+01,4.404249483909692486e+01,-3.164273857522911371e+01,-7.087135353535353488e+01,5.716300642380888775e+01
-7.258050505050505308e+01,-3.358005523677881143e+01,-7.258050505050505308e+01,4.404577104511280794e+01,-3.165379730397862090e+01,-7.084482828282828848e+01,5.715092565146029813e+01
-7.253969696969696201e+01,-3.360497717580714294e+01,-7.253969696969696201e+01,4.404914041933112401e+01,-3.166488283736855180e+01,-7.081830303030302787e+01,5.713891218009050732e+01
-7.249888888888888516e+01,-3.362983795295200906e+01,-7.249888888888888516e+01,4.405260296175187307e+01,-3.167599517539889220e+01,-7.079177777777778147e+01,5.712696600969953664e+01
-7.245808080808080831e+01,-3.365463756821342400e+01,-7.245808080808080831e+01,4.405615867237504091e+01,-3.168713431806964564e+01,-7.076525252525252085e+01,5.711508714028736478e+01
-7.241727272727273146e+01,-3.367937602159138066e+01,-7.241727272727273146e+01,4.405980755120064174e+01,-3.169830026538081214e+01,-7.073872727272727445e+01,5.710327557185399883e+01
-7.237646464646464040e+01,-3.370405331308589325e+01,-7.237646464646464040e+01,4.406354959822867556e+01,-3.170949301733239878e+01,-7.071220202020201384e+01,5.709153130439943880e+01
-7.233565656565656354e+01,-3.372866944269694045e+01,-7.233565656565656354e+01,4.406738481345913527e+01,-3.172071257392439492e+01,-7.068567676767676744e+01,5.707985433792368468e+01
-7.229484848484848669e+01,-3.375322441042453647e+01,-7.229484848484848669e+01,4.407131319689202797e+01,-3.173195893515681121e+01,-7.065915151515152104e+01,5.706824467242674359e+01
-7.225404040404039563e+01,-3.377771821626868842e+01,-7.225404040404039563e+01,4.407533474852734656e+01,-3.174323210102964055e+01,-7.063262626262626043e+01,5.705670230790860131e+01
-7.221323232323231878e+01,-3.380215086022937498e+01,-7.221323232323231878e+01,4.407944946836509104e+01,-3.175453207154288293e+01,-7.060610101010101403e+01,5.704522724436927206e+01
-7.217242424242424192e+01,-3.382652234230661037e+01,-7.217242424242424192e+01,4.408365735640526850e+01,-3.176585884669653836e+01,-7.057957575757575341e+01,5.703381948180874161e+01
-7.213161616161616507e+01,-3.385083266250038747e+01,-7.213161616161616507e+01,4.408795841264787185e+01,-3.177721242649061040e+01,-7.055305050505050701e+01,5.702247902022702419e+01
-7.209080808080807401e+01,-3.387508182081072050e+01,-7.209080808080807401e+01,4.409235263709290820e+01,-3.178859281092509903e+01,-7.052652525252524640e+01,5.701120585962410559e+01
-7.204999999999999716e+01,-3.389926981723759525e+01,-7.204999999999999716e+01,4.409684002974037043e+01,-3.180000000000000071e+01,-7.050000000000000000e+01,5.700000000000000000e+01
